{
      "merlin_pos": {
            "diff_x": 7.5,
            "diff_y1": -12.9,
            "diff_y2": -12.9,
            "diff_z": -50.0005,
            "diff_cz": -24.699999999999996
      },
      "cam11_pos": {
            "diff_x": 216.32930000000005,
            "diff_y1": 19.1768,
            "diff_y2": 19.177,
            "diff_z": -50.0004,
            "diff_cz": -24.699999999999996
      },
      "telescope_pos": {
            "diff_x": -342,
            "diff_z": -50,
            "diff_cz": -24.7
      },
      "out": {
            "diff_x": -700.0,
            "diff_y1": 0.0,
            "diff_y2": 0.0,
            "diff_z": -5.0,
            "diff_cz": -25.0
      }
}