{
      "qbit2": {
            "dssx": 0.0037300000000000002,
            "dssy": 0.0034600000000000004,
            "dssz": -0.0017200000000000002,
            "dsth": 69.10007300000001,
            "dsx": -5756.42,
            "dsy": -10138.103,
            "dsz": 351.836,
            "sbz": -4.0109999999995125
      }
}